Country,Subject Descriptor,Units,Scale,Country/Series-specific Notes,2021,2022,2023,2024,2025,2026,2027,2028,Estimates Start After
Afghanistan,"Gross domestic product per capita, constant prices",National currency,Units,"See notes for:  Gross domestic product, constant prices (National currency) Population (Persons).","30,315.97",n/a,n/a,n/a,n/a,n/a,n/a,n/a,2021
Albania,"Gross domestic product per capita, constant prices",National currency,Units,"See notes for:  Gross domestic product, constant prices (National currency) Population (Persons).","307,104.63","322,717.94","335,288.94","347,518.55","360,599.13","374,310.03","388,688.86","403,701.07",2021
Algeria,"Gross domestic product per capita, constant prices",National currency,Units,"See notes for:  Gross domestic product, constant prices (National currency) Population (Persons).","166,010.52","168,621.54","172,489.50","175,403.40","177,451.92","178,523.25","179,451.62","180,439.30",2019
Andorra,"Gross domestic product per capita, constant prices",National currency,Units,"See notes for:  Gross domestic product, constant prices (National currency) Population (Persons).","32,340.35","34,304.43","34,126.77","33,767.06","33,411.14","33,058.97","32,710.52","32,365.73",2022
Angola,"Gross domestic product per capita, constant prices",National currency,Units,"See notes for:  Gross domestic product, constant prices (National currency) Population (Persons).","43,028.12","42,839.24","42,113.46","42,225.62","42,381.07","42,567.49","42,792.40","43,053.18",2021
Antigua and Barbuda,"Gross domestic product per capita, constant prices",National currency,Units,"See notes for:  Gross domestic product, constant prices (National currency) Population (Persons).","32,298.14","34,531.52","35,954.64","37,387.04","38,431.44","39,014.85","39,604.93","40,207.81",2022
Argentina,"Gross domestic product per capita, constant prices",National currency,Units,"See notes for:  Gross domestic product, constant prices (National currency) Population (Persons).","15,085.19","15,676.11","15,132.88","15,395.10","15,738.06","16,049.73","16,327.82","16,570.32",2010
Armenia,"Gross domestic product per capita, constant prices",National currency,Units,"See notes for:  Gross domestic product, constant prices (National currency) Population (Persons).","1,359,105.98","1,530,284.18","1,637,756.55","1,719,537.90","1,796,773.37","1,877,477.97","1,961,807.54","2,049,924.88",2020
Aruba,"Gross domestic product per capita, constant prices",National currency,Units,"See notes for:  Gross domestic product, constant prices (National currency) Population (Persons).","46,857.77","51,946.63","53,225.41","53,914.59","54,630.51","55,316.21","56,026.29","56,765.04",2021
Australia,"Gross domestic product per capita, constant prices",National currency,Units,"See notes for:  Gross domestic product, constant prices (National currency) Population (Persons).","82,436.08","83,862.95","84,341.30","84,289.23","84,894.92","85,724.50","86,654.06","87,597.73",2021
Austria,"Gross domestic product per capita, constant prices",National currency,Units,"See notes for:  Gross domestic product, constant prices (National currency) Population (Persons).","40,663.31","42,422.82","42,251.65","42,363.72","42,863.50","43,477.67","44,000.88","44,317.15",2022
Azerbaijan,"Gross domestic product per capita, constant prices",National currency,Units,"See notes for:  Gross domestic product, constant prices (National currency) Population (Persons).","3,037.15","3,164.48","3,205.58","3,247.89","3,289.97","3,332.67","3,376.65","3,421.47",2022
The Bahamas,"Gross domestic product per capita, constant prices",National currency,Units,"See notes for:  Gross domestic product, constant prices (National currency) Population (Persons).","28,498.37","32,189.07","33,209.72","33,448.90","33,619.54","33,814.32","33,980.18","34,157.91",2020
Bahrain,"Gross domestic product per capita, constant prices",National currency,Units,"See notes for:  Gross domestic product, constant prices (National currency) Population (Persons).","8,447.96","8,644.57","8,664.59","8,756.75","8,812.71","8,826.17","8,844.17","8,861.79",2022
Bangladesh,"Gross domestic product per capita, constant prices",National currency,Units,"See notes for:  Gross domestic product, constant prices (National currency) Population (Persons).","170,046.99","180,106.65","188,986.25","198,299.13","209,297.37","222,001.38","235,772.24","250,002.37",2020
Barbados,"Gross domestic product per capita, constant prices",National currency,Units,"See notes for:  Gross domestic product, constant prices (National currency) Population (Persons).","27,588.32","30,215.32","31,495.11","32,640.62","33,469.65","34,152.81","34,747.71","35,352.98",2020
Belarus,"Gross domestic product per capita, constant prices",National currency,Units,"See notes for:  Gross domestic product, constant prices (National currency) Population (Persons).","13,481.93","13,119.84","13,400.59","13,646.87","13,797.37","13,957.28","14,149.79","14,312.70",2022
Belgium,"Gross domestic product per capita, constant prices",National currency,Units,"See notes for:  Gross domestic product, constant prices (National currency) Population (Persons).","38,857.64","39,902.57","40,035.58","40,240.99","40,613.20","40,957.37","41,331.45","41,737.20",2022
Belize,"Gross domestic product per capita, constant prices",National currency,Units,"See notes for:  Gross domestic product, constant prices (National currency) Population (Persons).","10,660.10","11,702.53","11,931.05","12,045.98","12,108.44","12,171.22","12,234.32","12,297.75",2021
Benin,"Gross domestic product per capita, constant prices",National currency,Units,"See notes for:  Gross domestic product, constant prices (National currency) Population (Persons).","717,023.25","740,827.51","759,997.44","785,827.60","809,857.30","835,027.49","860,901.72","887,337.71",2021
Bhutan,"Gross domestic product per capita, constant prices",National currency,Units,"See notes for:  Gross domestic product, constant prices (National currency) Population (Persons).","87,798.24","91,091.52","95,023.19","96,968.29","100,432.98","104,974.77","107,158.88","109,976.92",2021
Bolivia,"Gross domestic product per capita, constant prices",National currency,Units,"See notes for:  Gross domestic product, constant prices (National currency) Population (Persons).","4,042.17","4,126.79","4,142.19","4,161.86","4,194.65","4,224.04","4,257.81","4,291.84",2017
Bosnia and Herzegovina,"Gross domestic product per capita, constant prices",National currency,Units,"See notes for:  Gross domestic product, constant prices (National currency) Population (Persons).","9,855.75","10,284.01","10,516.85","10,860.49","11,218.67","11,585.40","11,967.68","12,362.68",2022
Botswana,"Gross domestic product per capita, constant prices",National currency,Units,"See notes for:  Gross domestic product, constant prices (National currency) Population (Persons).","72,487.85","75,458.65","77,037.26","78,895.70","81,026.45","82,998.01","85,024.19","87,189.45",2020
Brazil,"Gross domestic product per capita, constant prices",National currency,Units,"See notes for:  Gross domestic product, constant prices (National currency) Population (Persons).","6,052.95","6,196.56","6,350.66","6,410.90","6,498.43","6,585.95","6,683.67","6,782.85",2022
Brunei Darussalam,"Gross domestic product per capita, constant prices",National currency,Units,"See notes for:  Gross domestic product, constant prices (National currency) Population (Persons).","43,129.36","42,426.98","42,100.96","43,580.79","44,814.22","46,142.04","47,575.99","48,967.82",2021
Bulgaria,"Gross domestic product per capita, constant prices",National currency,Units,"See notes for:  Gross domestic product, constant prices (National currency) Population (Persons).","15,320.24","16,796.02","17,178.43","17,828.37","18,474.06","19,131.99","19,794.11","20,479.13",2022
Burkina Faso,"Gross domestic product per capita, constant prices",National currency,Units,"See notes for:  Gross domestic product, constant prices (National currency) Population (Persons).","436,432.84","430,800.78","437,351.67","452,843.11","466,775.71","479,672.96","491,075.00","502,885.27",2020
Burundi,"Gross domestic product per capita, constant prices",National currency,Units,"See notes for:  Gross domestic product, constant prices (National currency) Population (Persons).","150,592.22","148,876.93","149,362.69","153,640.87","158,034.41","162,177.61","166,809.14","170,802.21",2021
Cabo Verde,"Gross domestic product per capita, constant prices",National currency,Units,"See notes for:  Gross domestic product, constant prices (National currency) Population (Persons).","319,343.99","369,243.29","380,988.03","393,360.51","406,591.01","420,270.16","434,870.70","449,955.55",2018
Cambodia,"Gross domestic product per capita, constant prices",National currency,Units,"See notes for:  Gross domestic product, constant prices (National currency) Population (Persons).","3,567,191.27","3,716,904.28","3,887,918.84","4,085,535.03","4,303,505.82","4,538,668.67","4,774,271.31","5,025,148.58",2021
Cameroon,"Gross domestic product per capita, constant prices",National currency,Units,"See notes for:  Gross domestic product, constant prices (National currency) Population (Persons).","854,398.47","864,820.31","877,347.31","891,953.73","909,283.10","927,377.88","946,561.60","966,973.23",2022
Canada,"Gross domestic product per capita, constant prices",National currency,Units,"See notes for:  Gross domestic product, constant prices (National currency) Population (Persons).","55,052.86","56,006.44","55,407.28","55,542.71","56,132.64","56,426.29","56,684.43","56,963.79",2022
Central African Republic,"Gross domestic product per capita, constant prices",National currency,Units,"See notes for:  Gross domestic product, constant prices (National currency) Population (Persons).","158,083.12","155,758.78","154,120.65","154,634.85","157,154.07","159,642.33","162,020.85","163,857.88",2021
Chad,"Gross domestic product per capita, constant prices",National currency,Units,"See notes for:  Gross domestic product, constant prices (National currency) Population (Persons).","311,728.07","313,073.34","316,386.11","319,050.74","319,517.04","319,874.24","320,402.56","321,237.37",2019
Chile,"Gross domestic product per capita, constant prices",National currency,Units,"See notes for:  Gross domestic product, constant prices (National currency) Population (Persons).","10,170,477.54","10,339,757.45","10,216,553.86","10,316,000.29","10,489,600.41","10,676,559.60","10,875,888.04","11,083,852.74",2020
China,"Gross domestic product per capita, constant prices",National currency,Units,"See notes for:  Gross domestic product, constant prices (National currency) Population (Persons).","70,213.98","72,356.06","76,000.19","79,196.48","82,512.99","85,950.17","89,199.33","92,339.06",2022
Colombia,"Gross domestic product per capita, constant prices",National currency,Units,"See notes for:  Gross domestic product, constant prices (National currency) Population (Persons).","17,773,945.59","18,856,906.00","18,928,256.17","19,106,545.47","19,472,295.60","19,930,459.97","20,399,404.51","20,879,382.86",2022
Comoros,"Gross domestic product per capita, constant prices",National currency,Units,"See notes for:  Gross domestic product, constant prices (National currency) Population (Persons).","461,504.81","456,602.66","453,536.22","452,663.36","453,661.80","455,925.33","458,831.09","460,955.45",2021
Democratic Republic of the Congo,"Gross domestic product per capita, constant prices",National currency,Units,"See notes for:  Gross domestic product, constant prices (National currency) Population (Persons).","152,515.37","160,881.65","166,308.64","168,623.24","172,019.88","175,344.31","179,404.94","182,843.45",0
Republic of Congo,"Gross domestic product per capita, constant prices",National currency,Units,"See notes for:  Gross domestic product, constant prices (National currency) Population (Persons).","926,560.12","919,779.91","933,533.93","951,079.15","958,082.62","969,962.94","983,209.50","997,317.94",2020
Costa Rica,"Gross domestic product per capita, constant prices",National currency,Units,"See notes for:  Gross domestic product, constant prices (National currency) Population (Persons).","7,189,131.63","7,427,992.12","7,682,893.94","7,853,404.10","8,027,890.36","8,206,490.70","8,389,324.32","8,576,231.31",2022
Côte d'Ivoire,"Gross domestic product per capita, constant prices",National currency,Units,"See notes for:  Gross domestic product, constant prices (National currency) Population (Persons).","1,370,506.41","1,425,273.24","1,475,282.82","1,532,798.72","1,589,569.04","1,646,892.68","1,703,073.23","1,759,510.36",2015
Croatia,"Gross domestic product per capita, constant prices",National currency,Units,"See notes for:  Gross domestic product, constant prices (National currency) Population (Persons).","13,885.80","14,845.10","15,297.84","15,731.44","16,140.05","16,558.44","16,971.16","17,394.17",2022
Cyprus,"Gross domestic product per capita, constant prices",National currency,Units,"See notes for:  Gross domestic product, constant prices (National currency) Population (Persons).","25,599.80","26,781.88","26,908.03","27,614.19","28,193.82","28,814.91","29,440.43","30,073.12",2022
Czech Republic,"Gross domestic product per capita, constant prices",National currency,Units,"See notes for:  Gross domestic product, constant prices (National currency) Population (Persons).","493,564.86","490,624.32","483,781.26","491,048.17","506,913.12","522,395.83","536,989.81","552,430.74",2022
Denmark,"Gross domestic product per capita, constant prices",National currency,Units,"See notes for:  Gross domestic product, constant prices (National currency) Population (Persons).","378,747.08","386,878.51","392,122.61","396,336.85","399,743.09","403,513.91","407,325.34","411,109.39",2022
Djibouti,"Gross domestic product per capita, constant prices",National currency,Units,"See notes for:  Gross domestic product, constant prices (National currency) Population (Persons).","551,707.85","561,493.07","581,779.16","608,770.45","634,285.70","658,059.96","683,018.06","709,208.46",2021
Dominica,"Gross domestic product per capita, constant prices",National currency,Units,"See notes for:  Gross domestic product, constant prices (National currency) Population (Persons).","15,073.57","15,855.15","16,505.70","17,178.96","17,815.95","18,234.34","18,629.44","19,029.15",2011
Dominican Republic,"Gross domestic product per capita, constant prices",National currency,Units,"See notes for:  Gross domestic product, constant prices (National currency) Population (Persons).","260,997.13","271,315.16","276,950.97","288,938.90","300,962.21","313,387.63","326,258.24","339,712.14",2019
Ecuador,"Gross domestic product per capita, constant prices",National currency,Units,"See notes for:  Gross domestic product, constant prices (National currency) Population (Persons).","3,890.85","3,950.03","3,948.73","3,964.89","3,987.71","4,017.62","4,073.65","4,129.47",2021
Egypt,"Gross domestic product per capita, constant prices",National currency,Units,"See notes for:  Gross domestic product, constant prices (National currency) Population (Persons).","72,020.57","75,699.81","77,300.49","78,515.41","80,856.36","83,560.79","86,702.39","90,081.60",2021
El Salvador,"Gross domestic product per capita, constant prices",National currency,Units,"See notes for:  Gross domestic product, constant prices (National currency) Population (Persons).","4,128.35","4,220.85","4,298.60","4,366.64","4,440.33","4,513.26","4,587.40","4,662.76",2022
Equatorial Guinea,"Gross domestic product per capita, constant prices",National currency,Units,"See notes for:  Gross domestic product, constant prices (National currency) Population (Persons).","3,322,557.24","3,325,226.75","3,025,629.56","2,777,242.01","2,589,896.18","2,417,535.04","2,312,858.91","2,237,568.16",2015
Eritrea,"Gross domestic product per capita, constant prices",National currency,Units,"See notes for:  Gross domestic product, constant prices (National currency) Population (Persons).",n/a,n/a,n/a,n/a,n/a,n/a,n/a,n/a,2006
Estonia,"Gross domestic product per capita, constant prices",National currency,Units,"See notes for:  Gross domestic product, constant prices (National currency) Population (Persons).","19,400.13","19,054.31","18,627.77","19,080.02","19,604.54","20,191.76","20,815.09","21,437.99",2022
Eswatini,"Gross domestic product per capita, constant prices",National currency,Units,"See notes for:  Gross domestic product, constant prices (National currency) Population (Persons).","39,957.80","40,943.28","41,750.64","42,659.90","43,516.60","44,285.96","45,038.40","45,801.86",2017
Ethiopia,"Gross domestic product per capita, constant prices",National currency,Units,"See notes for:  Gross domestic product, constant prices (National currency) Population (Persons).","20,747.43","21,603.85","22,562.64","23,582.98","24,710.30","25,940.47","27,257.69","28,694.08",2022
Fiji,"Gross domestic product per capita, constant prices",National currency,Units,"See notes for:  Gross domestic product, constant prices (National currency) Population (Persons).","9,307.92","11,109.42","11,872.20","12,268.71","12,650.23","13,017.02","13,395.84","13,760.57",2020
Finland,"Gross domestic product per capita, constant prices",National currency,Units,"See notes for:  Gross domestic product, constant prices (National currency) Population (Persons).","41,797.37","42,357.57","41,850.44","42,106.71","42,613.40","43,247.90","43,945.29","44,689.80",2022
France,"Gross domestic product per capita, constant prices",National currency,Units,"See notes for:  Gross domestic product, constant prices (National currency) Population (Persons).","35,025.99","35,801.91","36,040.83","36,423.74","36,979.72","37,491.88","37,957.17","38,395.38",2022
Gabon,"Gross domestic product per capita, constant prices",National currency,Units,"See notes for:  Gross domestic product, constant prices (National currency) Population (Persons).","2,681,732.16","2,729,257.46","2,771,081.30","2,808,708.17","2,846,372.33","2,894,531.53","2,942,477.62","2,993,611.03",2015
The Gambia,"Gross domestic product per capita, constant prices",National currency,Units,"See notes for:  Gross domestic product, constant prices (National currency) Population (Persons).","26,243.74","26,727.38","27,389.05","28,244.63","29,007.54","29,574.56","30,153.14","30,742.36",2018
Georgia,"Gross domestic product per capita, constant prices",National currency,Units,"See notes for:  Gross domestic product, constant prices (National currency) Population (Persons).","11,131.79","12,389.99","13,198.47","13,875.32","14,647.97","15,465.70","16,331.81","17,176.66",2022
Germany,"Gross domestic product per capita, constant prices",National currency,Units,"See notes for:  Gross domestic product, constant prices (National currency) Population (Persons).","38,665.56","39,080.41","38,842.14","39,184.41","39,969.31","40,741.84","41,294.79","41,705.69",2022
Ghana,"Gross domestic product per capita, constant prices",National currency,Units,"See notes for:  Gross domestic product, constant prices (National currency) Population (Persons).","5,561.28","5,609.56","5,533.20","5,540.65","5,650.73","5,782.51","5,920.30","6,061.38",2022
Greece,"Gross domestic product per capita, constant prices",National currency,Units,"See notes for:  Gross domestic product, constant prices (National currency) Population (Persons).","16,981.88","18,362.46","18,814.62","19,195.64","19,477.65","19,781.52","20,050.74","20,307.40",2021
Grenada,"Gross domestic product per capita, constant prices",National currency,Units,"See notes for:  Gross domestic product, constant prices (National currency) Population (Persons).","19,873.30","21,031.30","21,740.89","22,460.91","23,141.92","23,777.09","24,315.25","24,865.59",2021
Guatemala,"Gross domestic product per capita, constant prices",National currency,Units,"See notes for:  Gross domestic product, constant prices (National currency) Population (Persons).","29,912.29","30,537.41","30,973.62","31,439.40","31,944.58","32,489.49","33,074.33","33,699.11",2020
Guinea,"Gross domestic product per capita, constant prices",National currency,Units,"See notes for:  Gross domestic product, constant prices (National currency) Population (Persons).","5,182,400.60","5,272,748.46","5,449,101.98","5,614,366.33","5,786,082.72","5,950,488.02","6,115,956.41","6,279,619.28",2014
Guinea-Bissau,"Gross domestic product per capita, constant prices",National currency,Units,"See notes for:  Gross domestic product, constant prices (National currency) Population (Persons).","474,564.30","483,741.12","494,973.25","508,884.76","523,414.85","538,584.52","554,184.59","567,748.96",2017
Guyana,"Gross domestic product per capita, constant prices",National currency,Units,"See notes for:  Gross domestic product, constant prices (National currency) Population (Persons).","2,278,733.14","3,687,051.96","5,088,781.57","6,421,047.54","7,603,713.43","9,186,571.77","11,097,732.97","12,556,302.25",2019
Haiti,"Gross domestic product per capita, constant prices",National currency,Units,"See notes for:  Gross domestic product, constant prices (National currency) Population (Persons).","51,597.04","50,058.40","48,655.54","48,684.35","48,761.21","48,838.20","48,915.31","48,992.54",2003
Honduras,"Gross domestic product per capita, constant prices",National currency,Units,"See notes for:  Gross domestic product, constant prices (National currency) Population (Persons).","22,351.85","22,844.63","23,101.30","23,428.95","23,827.56","24,290.13","24,788.40","25,291.02",2022
Hong Kong SAR,"Gross domestic product per capita, constant prices",National currency,Units,"See notes for:  Gross domestic product, constant prices (National currency) Population (Persons).","387,437.95","370,411.10","383,489.34","391,942.83","400,885.04","409,370.62","417,413.72","425,012.74",2021
Hungary,"Gross domestic product per capita, constant prices",National currency,Units,"See notes for:  Gross domestic product, constant prices (National currency) Population (Persons).","4,329,730.78","4,547,463.00","4,540,314.74","4,687,748.39","4,847,401.26","5,015,637.22","5,189,396.94","5,368,902.46",2022
Iceland,"Gross domestic product per capita, constant prices",National currency,Units,"See notes for:  Gross domestic product, constant prices (National currency) Population (Persons).","7,190,305.10","7,557,945.82","7,578,239.56","7,692,495.76","7,840,924.05","7,944,923.62","8,044,263.68","8,153,793.90",2022
India,"Gross domestic product per capita, constant prices",National currency,Units,"See notes for:  Gross domestic product, constant prices (National currency) Population (Persons).","106,040.24","112,946.18","119,134.98","125,482.38","132,239.26","139,381.45","146,994.33","154,933.99",2013
Indonesia,"Gross domestic product per capita, constant prices",National currency,Units,"See notes for:  Gross domestic product, constant prices (National currency) Population (Persons).","40,845,322.93","42,605,094.03","44,308,288.89","46,082,217.67","47,942,596.22","49,886,739.34","51,921,646.72","54,055,199.24",2022
Islamic Republic of Iran,"Gross domestic product per capita, constant prices",National currency,Units,"See notes for:  Gross domestic product, constant prices (National currency) Population (Persons).","179,678,369.55","184,617,986.98","188,230,661.46","191,003,993.71","192,895,122.36","194,802,704.90","196,726,016.59","198,670,099.73",2021
Iraq,"Gross domestic product per capita, constant prices",National currency,Units,"See notes for:  Gross domestic product, constant prices (National currency) Population (Persons).","4,814,637.29","5,020,312.48","4,759,051.05","4,774,873.86","4,842,027.05","4,889,391.49","4,920,827.92","4,949,690.82",2013
Ireland,"Gross domestic product per capita, constant prices",National currency,Units,"See notes for:  Gross domestic product, constant prices (National currency) Population (Persons).","86,169.08","91,975.55","92,251.46","93,839.66","95,753.65","97,241.78","98,745.69","100,262.45",2022
Israel,"Gross domestic product per capita, constant prices",National currency,Units,"See notes for:  Gross domestic product, constant prices (National currency) Population (Persons).","157,644.77","164,214.35","166,862.49","168,845.07","171,306.02","174,344.92","177,588.26","180,977.27",2022
Italy,"Gross domestic product per capita, constant prices",National currency,Units,"See notes for:  Gross domestic product, constant prices (National currency) Population (Persons).","28,420.76","29,581.40","29,871.19","30,155.51","30,563.51","30,995.30","31,417.26","31,804.98",2022
Jamaica,"Gross domestic product per capita, constant prices",National currency,Units,"See notes for:  Gross domestic product, constant prices (National currency) Population (Persons).","268,550.86","282,251.87","287,569.43","292,412.69","297,045.43","301,454.87","305,929.76","310,471.07",2019
Japan,"Gross domestic product per capita, constant prices",National currency,Units,"See notes for:  Gross domestic product, constant prices (National currency) Population (Persons).","4,309,676.95","4,366,458.83","4,471,538.39","4,538,919.05","4,590,973.70","4,637,195.89","4,681,654.71","4,727,200.07",2022
Jordan,"Gross domestic product per capita, constant prices",National currency,Units,"See notes for:  Gross domestic product, constant prices (National currency) Population (Persons).","2,948.10","3,012.58","3,087.47","3,168.21","3,257.26","3,343.60","3,427.09","3,453.92",2021
Kazakhstan,"Gross domestic product per capita, constant prices",National currency,Units,"See notes for:  Gross domestic product, constant prices (National currency) Population (Persons).","766,330.65","781,057.13","807,380.33","832,069.78","861,003.28","867,796.24","885,887.11","903,248.36",2022
Kenya,"Gross domestic product per capita, constant prices",National currency,Units,"See notes for:  Gross domestic product, constant prices (National currency) Population (Persons).","188,875.72","194,537.02","200,635.35","207,545.05","214,907.64","222,601.15","230,650.57","238,938.07",2019
Kiribati,"Gross domestic product per capita, constant prices",National currency,Units,"See notes for:  Gross domestic product, constant prices (National currency) Population (Persons).","1,586.71","1,581.71","1,599.02","1,613.90","1,627.12","1,636.86","1,647.14","1,656.88",2020
Korea,"Gross domestic product per capita, constant prices",National currency,Units,"See notes for:  Gross domestic product, constant prices (National currency) Population (Persons).","37,080,193.22","38,130,040.16","38,733,606.68","39,638,543.42","40,574,736.18","41,526,487.97","42,470,515.38","43,410,582.88",2021
Kosovo,"Gross domestic product per capita, constant prices",National currency,Units,"See notes for:  Gross domestic product, constant prices (National currency) Population (Persons).","4,062.69","4,203.23","4,360.77","4,532.94","4,711.90","4,893.21","5,076.62","5,266.90",2021
Kuwait,"Gross domestic product per capita, constant prices",National currency,Units,"See notes for:  Gross domestic product, constant prices (National currency) Population (Persons).","7,643.86","8,158.19","7,949.69","8,072.85","8,238.10","8,269.66","8,304.73","8,340.15",2020
Kyrgyz Republic,"Gross domestic product per capita, constant prices",National currency,Units,"See notes for:  Gross domestic product, constant prices (National currency) Population (Persons).","27,474.50","28,610.28","28,994.36","29,611.04","30,130.13","30,704.60","31,269.80","31,841.29",2021
Lao P.D.R.,"Gross domestic product per capita, constant prices",National currency,Units,"See notes for:  Gross domestic product, constant prices (National currency) Population (Persons).","17,716,193.05","17,989,411.00","18,444,018.90","18,924,454.16","19,446,075.64","20,001,810.01","20,609,489.66","21,276,227.66",2020
Latvia,"Gross domestic product per capita, constant prices",National currency,Units,"See notes for:  Gross domestic product, constant prices (National currency) Population (Persons).","14,916.57","15,471.46","15,579.93","16,019.20","16,569.49","17,140.52","17,733.09","18,345.29",2022
Lebanon,"Gross domestic product per capita, constant prices",National currency,Units,"See notes for:  Gross domestic product, constant prices (National currency) Population (Persons).","5,947,854.95","6,029,875.07",n/a,n/a,n/a,n/a,n/a,n/a,2019
Lesotho,"Gross domestic product per capita, constant prices",National currency,Units,"See notes for:  Gross domestic product, constant prices (National currency) Population (Persons).","9,850.55","9,939.02","10,028.96","10,137.40","10,267.54","10,358.30","10,422.67","10,462.55",2016
Liberia,"Gross domestic product per capita, constant prices",National currency,Units,"See notes for:  Gross domestic product, constant prices (National currency) Population (Persons).",625.941,640.594,654.125,672.797,699.191,726.646,755.671,792.509,2020
Libya,"Gross domestic product per capita, constant prices",National currency,Units,"See notes for:  Gross domestic product, constant prices (National currency) Population (Persons).","12,342.78","11,045.03","12,307.98","13,094.64","13,853.41","14,296.57","14,460.23","14,645.74",2019
Lithuania,"Gross domestic product per capita, constant prices",National currency,Units,"See notes for:  Gross domestic product, constant prices (National currency) Population (Persons).","16,433.90","16,648.91","16,787.09","17,400.49","18,013.21","18,634.17","19,200.82","19,770.97",2022
Luxembourg,"Gross domestic product per capita, constant prices",National currency,Units,"See notes for:  Gross domestic product, constant prices (National currency) Population (Persons).","100,362.36","100,065.85","97,862.04","97,378.37","97,746.35","98,232.65","98,475.20","98,723.30",2022
Macao SAR,"Gross domestic product per capita, constant prices",National currency,Units,"See notes for:  Gross domestic product, constant prices (National currency) Population (Persons).","352,981.56","253,451.18","434,630.14","543,438.33","615,060.37","645,883.74","663,185.17","681,132.69",2021
Madagascar,"Gross domestic product per capita, constant prices",National currency,Units,"See notes for:  Gross domestic product, constant prices (National currency) Population (Persons).","762,487.97","771,537.78","780,696.36","796,042.70","810,916.93","826,064.26","840,690.55","854,759.31",2018
Malawi,"Gross domestic product per capita, constant prices",National currency,Units,"See notes for:  Gross domestic product, constant prices (National currency) Population (Persons).","353,281.87","346,139.31","342,169.21","343,416.42","346,487.41","351,269.80","356,801.07","362,766.25",2016
Malaysia,"Gross domestic product per capita, constant prices",National currency,Units,"See notes for:  Gross domestic product, constant prices (National currency) Population (Persons).","42,689.22","46,274.01","47,514.09","48,950.29","50,517.74","52,156.85","53,623.90","55,157.57",2022
Maldives,"Gross domestic product per capita, constant prices",National currency,Units,"See notes for:  Gross domestic product, constant prices (National currency) Population (Persons).","189,440.52","212,142.88","225,474.70","232,840.62","243,882.13","254,008.10","263,555.24","272,424.40",2014
Mali,"Gross domestic product per capita, constant prices",National currency,Units,"See notes for:  Gross domestic product, constant prices (National currency) Population (Persons).","251,775.88","252,948.26","256,099.44","260,016.21","265,252.44","270,080.24","274,736.95","279,475.57",2022
Malta,"Gross domestic product per capita, constant prices",National currency,Units,"See notes for:  Gross domestic product, constant prices (National currency) Population (Persons).","26,354.86","27,914.05","28,769.97","29,566.07","30,443.15","31,353.72","32,278.12","33,244.93",2022
Marshall Islands,"Gross domestic product per capita, constant prices",National currency,Units,"See notes for:  Gross domestic product, constant prices (National currency) Population (Persons).","5,003.17","4,742.41","4,845.92","4,951.68","5,010.63","5,057.85","5,092.98","5,128.34",2022
Mauritania,"Gross domestic product per capita, constant prices",National currency,Units,"See notes for:  Gross domestic product, constant prices (National currency) Population (Persons).","19,634.20","20,449.04","20,914.36","21,552.49","22,553.25","22,914.50","23,483.16","23,923.13",2014
Mauritius,"Gross domestic product per capita, constant prices",National currency,Units,"See notes for:  Gross domestic product, constant prices (National currency) Population (Persons).","359,475.77","391,550.84","411,531.32","427,210.60","441,913.88","457,179.84","472,452.30","488,234.94",2021
Mexico,"Gross domestic product per capita, constant prices",National currency,Units,"See notes for:  Gross domestic product, constant prices (National currency) Population (Persons).","180,730.66","186,122.27","190,408.29","192,898.64","194,186.23","196,161.59","198,598.09","201,222.82",2020
Micronesia,"Gross domestic product per capita, constant prices",National currency,Units,"See notes for:  Gross domestic product, constant prices (National currency) Population (Persons).","2,304.24","2,287.45","2,342.92","2,411.90","2,453.07","2,480.09","2,503.84","2,514.48",2018
Moldova,"Gross domestic product per capita, constant prices",National currency,Units,"See notes for:  Gross domestic product, constant prices (National currency) Population (Persons).","5,356.78","5,182.35","5,382.30","5,714.72","6,108.98","6,530.61","6,981.19","7,463.32",2019
Mongolia,"Gross domestic product per capita, constant prices",National currency,Units,"See notes for:  Gross domestic product, constant prices (National currency) Population (Persons).","7,944,911.57","8,220,577.82","8,547,861.57","8,808,268.01","8,994,184.66","9,184,025.46","9,377,873.24","9,622,072.55",2021
Montenegro,"Gross domestic product per capita, constant prices",National currency,Units,"See notes for:  Gross domestic product, constant prices (National currency) Population (Persons).","4,772.24","5,061.77","5,286.15","5,478.21","5,649.88","5,815.64","5,986.25","6,161.88",2021
Morocco,"Gross domestic product per capita, constant prices",National currency,Units,"See notes for:  Gross domestic product, constant prices (National currency) Population (Persons).","32,312.78","32,401.81","32,858.27","33,729.52","34,486.77","35,288.00","36,168.49","37,079.45",2022
Mozambique,"Gross domestic product per capita, constant prices",National currency,Units,"See notes for:  Gross domestic product, constant prices (National currency) Population (Persons).","21,305.31","21,597.25","22,472.01","22,936.23","23,417.96","23,690.09","26,083.25","28,467.00",2015
Myanmar,"Gross domestic product per capita, constant prices",National currency,Units,"See notes for:  Gross domestic product, constant prices (National currency) Population (Persons).","1,409,702.10","1,428,521.11","1,456,791.86","1,486,983.41","1,516,706.88","1,548,407.16","1,586,178.04","1,633,304.50",2015
Namibia,"Gross domestic product per capita, constant prices",National currency,Units,"See notes for:  Gross domestic product, constant prices (National currency) Population (Persons).","54,046.06","55,513.50","56,070.51","56,571.71","57,080.67","57,559.28","58,015.89","58,473.96",2022
Nauru,"Gross domestic product per capita, constant prices",National currency,Units,"See notes for:  Gross domestic product, constant prices (National currency) Population (Persons).","10,313.26","10,305.86","10,158.13","10,095.89","10,135.46","10,160.27","10,183.81","10,213.75",2020
Nepal,"Gross domestic product per capita, constant prices",National currency,Units,"See notes for:  Gross domestic product, constant prices (National currency) Population (Persons).","80,504.10","83,882.15","83,395.47","86,376.79","89,666.78","92,952.17","96,376.08","99,945.06",2021
Netherlands,"Gross domestic product per capita, constant prices",National currency,Units,"See notes for:  Gross domestic product, constant prices (National currency) Population (Persons).","44,231.80","45,843.05","45,835.64","46,179.95","46,754.13","47,371.38","48,012.93","48,662.00",2022
New Zealand,"Gross domestic product per capita, constant prices",National currency,Units,"See notes for:  Gross domestic product, constant prices (National currency) Population (Persons).","52,986.42","54,246.10","54,181.75","54,187.95","54,742.15","55,399.66","56,149.30","56,910.11",2022
Nicaragua,"Gross domestic product per capita, constant prices",National currency,Units,"See notes for:  Gross domestic product, constant prices (National currency) Population (Persons).","28,952.61","29,728.89","30,312.10","30,987.31","31,730.53","32,502.54","33,293.34","34,103.38",2020
Niger,"Gross domestic product per capita, constant prices",National currency,Units,"See notes for:  Gross domestic product, constant prices (National currency) Population (Persons).","301,655.86","325,232.49","326,302.80","349,545.06","358,838.73","367,273.59","375,508.20","384,010.21",2009
Nigeria,"Gross domestic product per capita, constant prices",National currency,Units,"See notes for:  Gross domestic product, constant prices (National currency) Population (Persons).","347,125.95","349,573.22","350,808.79","352,773.27","354,789.12","356,963.96","359,136.36","361,391.60",2012
North Macedonia,"Gross domestic product per capita, constant prices",National currency,Units,"See notes for:  Gross domestic product, constant prices (National currency) Population (Persons).","225,593.06","231,106.17","236,883.83","244,464.11","253,020.35","261,876.06","271,041.73","280,528.19",2022
Norway,"Gross domestic product per capita, constant prices",National currency,Units,"See notes for:  Gross domestic product, constant prices (National currency) Population (Persons).","664,156.93","678,398.03","689,749.45","695,914.04","700,282.03","706,418.72","711,701.74","717,218.21",2022
Oman,"Gross domestic product per capita, constant prices",National currency,Units,"See notes for:  Gross domestic product, constant prices (National currency) Population (Persons).","7,653.45","7,325.58","7,182.08","7,145.38","7,133.84","7,148.74","7,142.15","7,134.55",2021
Pakistan,"Gross domestic product per capita, constant prices",National currency,Units,"See notes for:  Gross domestic product, constant prices (National currency) Population (Persons).","164,349.17","170,971.02","166,832.99","167,661.94","170,303.26","174,488.96","179,632.93","184,928.55",2021
Palau,"Gross domestic product per capita, constant prices",National currency,Units,"See notes for:  Gross domestic product, constant prices (National currency) Population (Persons).","12,854.19","12,596.78","12,698.32","14,282.34","15,984.65","16,564.32","16,913.37","17,190.97",2021
Panama,"Gross domestic product per capita, constant prices",National currency,Units,"See notes for:  Gross domestic product, constant prices (National currency) Population (Persons).","15,282.03","16,710.44","17,484.69","17,955.42","18,444.47","18,952.21","19,473.93","20,010.01",2022
Papua New Guinea,"Gross domestic product per capita, constant prices",National currency,Units,"See notes for:  Gross domestic product, constant prices (National currency) Population (Persons).","5,404.82","5,524.59","5,576.71","5,738.05","5,795.21","5,853.91","5,908.92","5,968.53",2020
Paraguay,"Gross domestic product per capita, constant prices",National currency,Units,"See notes for:  Gross domestic product, constant prices (National currency) Population (Persons).","29,235,684.47","28,862,635.83","29,751,274.35","30,472,742.05","31,214,655.31","31,882,219.53","32,564,060.45","33,260,483.38",2022
Peru,"Gross domestic product per capita, constant prices",National currency,Units,"See notes for:  Gross domestic product, constant prices (National currency) Population (Persons).","16,309.03","16,580.75","16,602.09","16,888.69","17,239.84","17,581.29","17,929.47","18,284.52",2017
Philippines,"Gross domestic product per capita, constant prices",National currency,Units,"See notes for:  Gross domestic product, constant prices (National currency) Population (Persons).","168,240.31","178,754.42","186,059.40","194,806.30","204,508.27","214,926.69","226,120.08","238,088.13",2022
Poland,"Gross domestic product per capita, constant prices",National currency,Units,"See notes for:  Gross domestic product, constant prices (National currency) Population (Persons).","59,649.66","63,021.61","63,453.96","64,993.38","67,320.73","69,635.28","71,963.80","74,361.82",2022
Portugal,"Gross domestic product per capita, constant prices",National currency,Units,"See notes for:  Gross domestic product, constant prices (National currency) Population (Persons).","19,169.94","20,479.50","20,925.93","21,220.68","21,731.93","22,222.82","22,709.20","23,199.40",2022
Puerto Rico,"Gross domestic product per capita, constant prices",National currency,Units,"See notes for:  Gross domestic product, constant prices (National currency) Population (Persons).","2,883.44","2,955.89","2,949.94","2,958.84","2,973.71","2,997.62","3,063.90","3,103.93",2021
Qatar,"Gross domestic product per capita, constant prices",National currency,Units,"See notes for:  Gross domestic product, constant prices (National currency) Population (Persons).","239,396.00","243,808.14","246,040.26","248,884.40","256,864.71","264,761.36","279,997.17","286,340.81",2022
Romania,"Gross domestic product per capita, constant prices",National currency,Units,"See notes for:  Gross domestic product, constant prices (National currency) Population (Persons).","46,369.34","48,974.53","50,076.39","52,211.22","54,539.65","56,993.24","59,573.06","62,201.22",2022
Russia,"Gross domestic product per capita, constant prices",National currency,Units,"See notes for:  Gross domestic product, constant prices (National currency) Population (Persons).","929,492.02","923,682.05","946,029.83","957,875.80","969,125.10","980,766.39","992,784.55","1,005,170.59",2022
Rwanda,"Gross domestic product per capita, constant prices",National currency,Units,"See notes for:  Gross domestic product, constant prices (National currency) Population (Persons).","755,956.73","799,689.33","833,154.66","868,347.49","909,132.07","954,631.54","1,002,156.65","1,056,073.58",2012
Samoa,"Gross domestic product per capita, constant prices",National currency,Units,"See notes for:  Gross domestic product, constant prices (National currency) Population (Persons).","9,874.83","9,288.45","9,965.91","10,256.15","10,536.94","10,781.73","10,989.51","11,162.20",2021
San Marino,"Gross domestic product per capita, constant prices",National currency,Units,"See notes for:  Gross domestic product, constant prices (National currency) Population (Persons).","38,545.36","40,363.34","41,132.71","41,540.14","41,954.30","42,372.59","42,795.05","43,221.72",2021
São Tomé and Príncipe,"Gross domestic product per capita, constant prices",National currency,Units,"See notes for:  Gross domestic product, constant prices (National currency) Population (Persons).","18,615.22","18,299.13","17,994.28","18,037.40","18,212.34","17,766.81","18,051.32","18,349.42",2011
Saudi Arabia,"Gross domestic product per capita, constant prices",National currency,Units,"See notes for:  Gross domestic product, constant prices (National currency) Population (Persons).","88,863.14","92,456.30","91,334.26","93,110.62","95,145.13","96,342.58","97,568.34","98,607.86",2022
Senegal,"Gross domestic product per capita, constant prices",National currency,Units,"See notes for:  Gross domestic product, constant prices (National currency) Population (Persons).","828,228.17","838,331.79","849,396.21","899,609.51","964,568.70","987,199.97","1,010,321.94","1,035,437.56",2020
Serbia,"Gross domestic product per capita, constant prices",National currency,Units,"See notes for:  Gross domestic product, constant prices (National currency) Population (Persons).","774,038.26","811,639.79","830,972.43","859,339.06","901,290.40","941,097.92","983,054.24","1,025,452.77",2022
Seychelles,"Gross domestic product per capita, constant prices",National currency,Units,"See notes for:  Gross domestic product, constant prices (National currency) Population (Persons).","248,963.84","268,753.55","277,463.18","285,767.53","294,207.13","302,895.97","311,841.43","320,216.53",2015
Sierra Leone,"Gross domestic product per capita, constant prices",National currency,Units,"See notes for:  Gross domestic product, constant prices (National currency) Population (Persons).","1,279,706.92","1,303,873.63","1,312,652.63","1,347,079.29","1,388,341.72","1,422,139.56","1,455,754.86","1,492,084.89",2021
Singapore,"Gross domestic product per capita, constant prices",National currency,Units,"See notes for:  Gross domestic product, constant prices (National currency) Population (Persons).","92,355.06","92,607.92","93,205.58","94,863.77","96,748.06","98,730.57","100,700.57","102,737.75",2022
Slovak Republic,"Gross domestic product per capita, constant prices",National currency,Units,"See notes for:  Gross domestic product, constant prices (National currency) Population (Persons).","16,647.46","17,003.33","17,222.92","17,651.56","18,149.51","18,666.63","19,184.99","19,722.86",2022
Slovenia,"Gross domestic product per capita, constant prices",National currency,Units,"See notes for:  Gross domestic product, constant prices (National currency) Population (Persons).","21,336.32","21,880.00","22,250.86","22,728.02","23,332.84","24,002.99","24,695.92","25,413.55",2022
Solomon Islands,"Gross domestic product per capita, constant prices",National currency,Units,"See notes for:  Gross domestic product, constant prices (National currency) Population (Persons).","14,651.23","13,713.07","13,715.00","13,705.51","13,778.41","13,844.81","13,915.19","13,989.22",2019
Somalia,"Gross domestic product per capita, constant prices",National currency,Units,"See notes for:  Gross domestic product, constant prices (National currency) Population (Persons).",669.708,667.318,667.318,673.16,680.363,688.305,697.009,707.18,2013
South Africa,"Gross domestic product per capita, constant prices",National currency,Units,"See notes for:  Gross domestic product, constant prices (National currency) Population (Persons).","75,038.56","75,890.39","75,444.86","75,659.13","75,721.46","75,628.18","75,535.02","75,441.96",2022
South Sudan,"Gross domestic product per capita, constant prices",National currency,Units,"See notes for:  Gross domestic product, constant prices (National currency) Population (Persons).","1,129.83","1,103.22","1,109.46","1,123.45","1,150.98","1,178.45","1,204.20","1,233.83",2008
Spain,"Gross domestic product per capita, constant prices",National currency,Units,"See notes for:  Gross domestic product, constant prices (National currency) Population (Persons).","23,828.76","25,053.77","25,563.52","25,888.69","26,332.51","26,722.86","27,099.70","27,465.13",2022
Sri Lanka,"Gross domestic product per capita, constant prices",National currency,Units,"See notes for:  Gross domestic product, constant prices (National currency) Population (Persons).","588,460.64","536,617.42",n/a,n/a,n/a,n/a,n/a,n/a,2020
St. Kitts and Nevis,"Gross domestic product per capita, constant prices",National currency,Units,"See notes for:  Gross domestic product, constant prices (National currency) Population (Persons).","35,274.98","37,999.16","39,457.57","40,538.69","41,331.00","42,017.68","42,715.77","43,425.46",2015
St. Lucia,"Gross domestic product per capita, constant prices",National currency,Units,"See notes for:  Gross domestic product, constant prices (National currency) Population (Persons).","26,294.05","30,224.97","31,004.49","31,526.87","32,043.19","32,420.18","32,700.47","32,983.18",2022
St. Vincent and the Grenadines,"Gross domestic product per capita, constant prices",National currency,Units,"See notes for:  Gross domestic product, constant prices (National currency) Population (Persons).","21,041.49","22,181.12","23,537.37","24,687.36","25,622.27","26,311.05","26,992.06","27,690.69",2016
Sudan,"Gross domestic product per capita, constant prices",National currency,Units,"See notes for:  Gross domestic product, constant prices (National currency) Population (Persons).",462.352,439.37,349.869,342.026,357.027,364.334,371.081,377.953,2011
Suriname,"Gross domestic product per capita, constant prices",National currency,Units,"See notes for:  Gross domestic product, constant prices (National currency) Population (Persons).","24,072.03","24,031.15","24,256.29","24,678.57","25,113.52","25,560.20","26,014.83","26,477.55",2021
Sweden,"Gross domestic product per capita, constant prices",National currency,Units,"See notes for:  Gross domestic product, constant prices (National currency) Population (Persons).","556,313.11","568,302.83","549,127.26","547,671.99","555,933.18","563,515.53","570,969.54","578,812.53",2022
Switzerland,"Gross domestic product per capita, constant prices",National currency,Units,"See notes for:  Gross domestic product, constant prices (National currency) Population (Persons).","85,469.37","87,054.23","87,154.22","88,061.85","88,455.18","89,377.04","89,776.25","90,711.88",2022
Syria,"Gross domestic product per capita, constant prices",National currency,Units,"See notes for:  Gross domestic product, constant prices (National currency) Population (Persons).",n/a,n/a,n/a,n/a,n/a,n/a,n/a,n/a,2010
Taiwan Province of China,"Gross domestic product per capita, constant prices",National currency,Units,"See notes for:  Gross domestic product, constant prices (National currency) Population (Persons).","905,250.90","930,970.48","939,365.51","967,225.99","993,951.99","1,020,044.70","1,045,533.77","1,067,659.68",2022
Tajikistan,"Gross domestic product per capita, constant prices",National currency,Units,"See notes for:  Gross domestic product, constant prices (National currency) Population (Persons).",35.235,37.36,39.084,40.335,41.448,42.614,43.833,45.105,2014
Tanzania,"Gross domestic product per capita, constant prices",National currency,Units,"See notes for:  Gross domestic product, constant prices (National currency) Population (Persons).","2,268,850.92","2,306,534.76","2,356,597.55","2,427,778.82","2,503,641.86","2,596,974.22","2,698,772.07","2,804,954.88",2012
Thailand,"Gross domestic product per capita, constant prices",National currency,Units,"See notes for:  Gross domestic product, constant prices (National currency) Population (Persons).","148,782.67","152,437.94","156,320.38","161,131.53","165,969.27","170,838.92","175,907.68","181,181.55",2021
Timor-Leste,"Gross domestic product per capita, constant prices",National currency,Units,"See notes for:  Gross domestic product, constant prices (National currency) Population (Persons).","2,077.86","2,450.34","1,253.55","1,212.55","1,232.88","1,252.43","1,272.47","1,293.21",2019
Togo,"Gross domestic product per capita, constant prices",National currency,Units,"See notes for:  Gross domestic product, constant prices (National currency) Population (Persons).","514,308.28","531,334.39","546,793.83","562,169.20","577,976.90","595,357.75","613,261.27","631,703.18",2021
Tonga,"Gross domestic product per capita, constant prices",National currency,Units,"See notes for:  Gross domestic product, constant prices (National currency) Population (Persons).","10,027.17","9,855.00","10,132.34","10,414.50","10,670.84","10,869.46","11,031.12","11,191.37",2020
Trinidad and Tobago,"Gross domestic product per capita, constant prices",National currency,Units,"See notes for:  Gross domestic product, constant prices (National currency) Population (Persons).","105,314.86","106,326.53","108,445.67","110,279.88","112,527.62","113,995.99","115,149.56","116,261.51",2021
Tunisia,"Gross domestic product per capita, constant prices",National currency,Units,"See notes for:  Gross domestic product, constant prices (National currency) Population (Persons).","7,666.57","7,788.25","7,822.32","7,906.21","8,027.85","8,176.65","8,335.47","8,499.12",2019
Türkiye,"Gross domestic product per capita, constant prices",National currency,Units,"See notes for:  Gross domestic product, constant prices (National currency) Population (Persons).","23,745.87","24,883.52","25,572.02","26,042.33","26,580.91","27,149.97","27,742.88","28,359.64",2022
Turkmenistan,"Gross domestic product per capita, constant prices",National currency,Units,"See notes for:  Gross domestic product, constant prices (National currency) Population (Persons).","18,202.78","18,236.13","18,431.21","18,576.65","18,707.60","18,835.75","18,976.04","19,127.40",2004
Tuvalu,"Gross domestic product per capita, constant prices",National currency,Units,"See notes for:  Gross domestic product, constant prices (National currency) Population (Persons).","5,967.42","5,984.50","6,190.93","6,380.04","6,508.18","6,627.04","6,737.03","6,847.53",2017
Uganda,"Gross domestic product per capita, constant prices",National currency,Units,"See notes for:  Gross domestic product, constant prices (National currency) Population (Persons).","3,143,024.40","3,247,802.38","3,297,237.08","3,384,705.35","3,531,571.71","3,644,429.74","3,724,477.81","3,808,387.43",2021
Ukraine,"Gross domestic product per capita, constant prices",National currency,Units,"See notes for:  Gross domestic product, constant prices (National currency) Population (Persons).","63,320.38","52,851.97","56,586.11","57,553.24","59,507.76","61,902.54","62,857.91","65,012.51",2020
United Arab Emirates,"Gross domestic product per capita, constant prices",National currency,Units,"See notes for:  Gross domestic product, constant prices (National currency) Population (Persons).","157,497.92","164,572.38","166,806.07","170,430.37","174,370.14","178,595.88","183,088.15","187,897.44",2021
United Kingdom,"Gross domestic product per capita, constant prices",National currency,Units,"See notes for:  Gross domestic product, constant prices (National currency) Population (Persons).","31,848.22","32,904.23","32,901.47","32,959.92","33,472.36","34,028.30","34,530.05","34,942.16",2020
United States,"Gross domestic product per capita, constant prices",National currency,Units,"See notes for:  Gross domestic product, constant prices (National currency) Population (Persons).","59,009.85","60,007.14","60,963.65","61,577.88","62,406.15","63,398.70","64,441.98","65,503.58",2022
Uruguay,"Gross domestic product per capita, constant prices",National currency,Units,"See notes for:  Gross domestic product, constant prices (National currency) Population (Persons).","495,737.27","518,397.46","521,868.86","537,120.82","550,997.05","563,632.08","575,432.95","586,333.48",2015
Uzbekistan,"Gross domestic product per capita, constant prices",National currency,Units,"See notes for:  Gross domestic product, constant prices (National currency) Population (Persons).","18,818,405.68","19,483,551.80","20,123,050.40","20,807,731.29","21,525,730.08","22,259,468.63","23,029,784.81","23,818,163.80",2022
Vanuatu,"Gross domestic product per capita, constant prices",National currency,Units,"See notes for:  Gross domestic product, constant prices (National currency) Population (Persons).","216,308.43","213,007.21","209,001.39","207,356.05","207,502.37","206,828.05","205,868.78","203,938.64",2020
Venezuela,"Gross domestic product per capita, constant prices",National currency,Units,"See notes for:  Gross domestic product, constant prices (National currency) Population (Persons).",--,--,--,--,n/a,n/a,n/a,n/a,2010
Vietnam,"Gross domestic product per capita, constant prices",National currency,Units,"See notes for:  Gross domestic product, constant prices (National currency) Population (Persons).","52,118,356.91","55,757,300.84","57,832,807.86","60,641,998.54","64,297,260.00","68,135,977.39","72,222,953.08","76,564,931.46",2021
West Bank and Gaza,"Gross domestic product per capita, constant prices",National currency,Units,"See notes for:  Gross domestic product, constant prices (National currency) Population (Persons).","11,169.83","11,332.79","11,408.51","11,455.97","11,475.21","11,455.13","11,440.56","11,431.00",2022
Yemen,"Gross domestic product per capita, constant prices",National currency,Units,"See notes for:  Gross domestic product, constant prices (National currency) Population (Persons).","6,448.52","6,411.42","6,239.20","6,225.51","6,514.97","6,789.92","7,045.58","7,279.77",2022
Zambia,"Gross domestic product per capita, constant prices",National currency,Units,"See notes for:  Gross domestic product, constant prices (National currency) Population (Persons).","7,399.43","7,539.12","7,597.50","7,713.37","7,846.27","7,998.45","8,183.15","8,385.59",2019
Zimbabwe,"Gross domestic product per capita, constant prices",National currency,Units,"See notes for:  Gross domestic product, constant prices (National currency) Population (Persons).","1,223.95","1,273.47","1,297.67","1,318.64","1,339.72","1,359.65","1,378.71","1,394.31",2017
,,,,,,,,,,,,,
"International Monetary Fund, World Economic Outlook Database, October 2023",,,,,,,,,,,,,
